大分類,科目CD,コード,商品名,商品名ｶﾅ,単位,納入価,倉庫
6,63,322,FL 15W　MITSUBISHI　ｽﾀｰﾀ形　白色,ｴﾌｴﾙ15,個,0,蛍光灯
7,73,3318,メディカルクリーナーボックス　20L,ﾊｲｷ ﾒﾃﾞｨｶﾙｸﾘｰﾅｰﾎﾞｯｸｽ 20L,個,0,廃棄類
7,73,3317,メディカルクリーナーボックス　50L,ﾊｲｷ ﾒﾃﾞｨｶﾙｸﾘｰﾅｰﾎﾞｯｸｽ 50L,個,0,廃棄類
7,73,3310,廃プラ用指定ｺﾞﾐ袋,ﾊｲﾌﾟﾗﾖｳｺﾞﾐﾌｸﾛ,枚,0,廃棄類
8,82,2808,分包紙　70W　ｾﾛﾎﾟﾘ20　4巻無地SC-2,ﾌﾞﾝﾎﾟｳｼ 70W ｾﾛﾎﾟﾘ,箱,26666,その他材料②
6,61,2564,テレビ19型,ﾃﾚﾋﾞ19ｶﾀ,台,25000,テレビ
8,82,2478,MMI-S-VSﾁｭｰﾌﾞ　吸引(連結用),ｷｶﾝｷｭｳｲﾝﾁｭｰﾌﾞ,個,10800,その他材料②
3,36,5238,トナー P C201 ｼｱﾝ　純正,ﾄﾅｰ p C201 ｼｱﾝ ｼﾞｭﾝｾｲ,個,9200,トナー
3,36,5239,トナー P C201 ﾏｾﾞﾝﾀ　純正,ﾄﾅｰ p C201 ﾏｾﾞﾝﾀ ｼﾞｭﾝｾｲ,個,9200,トナー
3,36,5240,トナー P C201 ｲｴﾛｰ　純正,ﾄﾅｰ p C201 ｲｴﾛｰ ｼﾞｭﾝｾｲ,個,9200,トナー
3,36,4490,ドラムユニット　SP6400,ﾄﾞﾗﾑﾕﾆｯﾄ SP6400,個,9050,トナー
1,11,2346,おしぼり除菌液（ﾍﾞﾝｽﾞｱﾙｷｽM）,ｵｼﾎﾞﾘｼﾞｮｷﾝｴｷ(ﾍﾞﾝｽﾞｱﾙｷｽM),本,8000,日用品①
3,36,4851,SPトナー　3700H　ﾘｻｲｸﾙ,ﾄﾅｰ 3700H ﾘｻｲｸﾙ,個,7500,トナー
3,36,5237,トナー P C201 ﾌﾞﾗｯｸ　純正,ﾄﾅｰ p C201 ﾌﾞﾗｯｸ ｼﾞｭﾝｾｲ,個,7400,トナー
4,43,5264,感染症対策遺体収納袋(10枚入/箱),ｶﾝｾﾝｼｮｳﾀｲｻｸｲﾀｲｼｭｳﾉｳﾌｸﾛ,枚,6300,PPE
4,45,5160,消ｴﾀ・ﾊﾞﾘｭｰ 10L,ｼｮｳｴﾀ･ﾊﾞﾘｭｰ 10L ｾｲｴﾙ,本,5710,アルコール類
3,36,4858,SPトナーC200 ｼｱﾝ　ﾘｻｲｸﾙ,ﾄﾅｰC200 ｼｱﾝ ﾘｻｲｸﾙ,個,5400,トナー
3,36,4859,SPトナーC200 ﾏｾﾞﾝﾀ　ﾘｻｲｸﾙ,ﾄﾅｰC200 ﾏｾﾞﾝﾀ ﾘｻｲｸﾙ,個,5400,トナー
3,36,4860,SPトナーC200 ｲｴﾛｰ　ﾘｻｲｸﾙ,ﾄﾅｰC200 ｲｴﾛｰ ﾘｻｲｸﾙ,個,5400,トナー
4,41,2392,エレバンロール150,ｴﾚﾊﾞﾝﾛｰﾙ150,個,4980,テープ類
3,36,4493,トナー　SP　6400H,ﾄﾅｰ SP 6400H,個,4800,トナー
8,81,3986,心電ﾓﾆﾀ SPO2ﾃﾞｨｽﾎﾟﾌﾟﾛｰﾌﾞN-25,ｼﾝﾃﾞﾝﾓﾆﾀ SPO2ﾃﾞｨｽﾎﾟﾌﾟﾛｰﾌﾞN-25 ,個,4700,その他材料①
3,36,4857,SPトナーC200 ﾌﾞﾗｯｸ　ﾘｻｲｸﾙ,ﾄﾅｰC200 ﾌﾞﾗｯｸ ﾘｻｲｸﾙ,個,4600,トナー
1,11,5062,茶ボディーソープ　10L/1箱,ﾁｬﾎﾞﾃﾞｨｰｿｰﾌﾟ 10L/1ﾊｺ,箱,4250,日用品①
1,11,5063,茶トリートメントシャンプー　10L/1箱,ﾁｬﾄﾘｰﾄﾒﾝﾄｼｬﾝﾌﾟｰ 10L/1ﾊｺ,箱,4250,日用品①
3,36,4495,トナー　SP　C310H　シアン ﾘｻｲｸﾙ,ﾄﾅｰ SP C310H ｼｱﾝ ﾘｻｲｸﾙ,個,4000,トナー
3,36,4496,トナー　SP　C310H　マゼンタ ﾘｻｲｸﾙ,ﾄﾅｰ SP C310H ﾏｾﾞﾝﾀ ﾘｻｲｸﾙ,個,4000,トナー
3,36,4497,トナー　SP　C310H　イエロー ﾘｻｲｸﾙ,ﾄﾅｰ SP C310H ｲｴﾛｰ ﾘｻｲｸﾙ,個,4000,トナー
1,11,4051,洗剤　無りんホワイトウォッシュパワー　10Kg,ｾﾝｻﾞｲ ﾑﾘﾝﾎﾜｲﾄｳｫｯｼｭﾊﾟﾜｰ 10kg,箱,3822,日用品①
3,36,4494,トナー　SP　C310H　ブラック ﾘｻｲｸﾙ,ﾄﾅｰ SP C310H ﾌﾞﾗｯｸ ﾘｻｲｸﾙ,個,3800,トナー
4,41,2403,エレバンロール100,ｴﾚﾊﾞﾝﾛｰﾙ100,個,3590,テープ類
3,36,4492,トナー　リサイクル　SP　4200H,ﾄﾅｰ ﾘｻｲｸﾙ SP 4200H,個,3500,トナー
3,36,4500,ﾄﾅｰ　Brother　 HL-2130　(TN-27J),ﾄﾅｰ Brother  HL-2130 (TN-27J),個,2700,トナー
4,45,5159,消毒用ｴﾀﾉｰﾙ液IP 5L,ｼｮｳﾄﾞｸﾖｳｴﾀﾉｰﾙｴｷIP 5L ｾｲｴﾙ,本,2688,アルコール類
4,41,2391,エレバンロール75,ｴﾚﾊﾞﾝﾛｰﾙ7.5x10,個,2680,テープ類
1,11,4314,トイレットペーパー　45個/箱,ﾄｲﾚｯﾄﾍﾟｰﾊﾟｰ 45ｺ/ﾊｺ ﾌｶｶﾞﾜｲﾘｮｳｷ,箱,2555,日用品①
3,36,4861,廃トナーボトルC220,ﾄﾅｰﾎﾞﾄﾙC220,個,2400,トナー
8,81,1539,エンゼルウェイ・フォーム,ｴﾝｾﾞﾙｳｪｲ･ﾌｫｰﾑ,箱,2400,その他材料①
8,82,1750,薬用ハンドソープ　5kg,ﾔｸﾖｳﾊﾝﾄﾞｿｰﾌﾟ 1ﾊｺ3ﾎﾝｲ,本,2080,その他材料②
4,41,2405,エレバンロール50,ｴﾚﾊﾞﾝﾛｰﾙ 5.,個,2020,テープ類
4,44,5,レテラタイ4号（ﾈｯﾄ包帯）3.7cm×25m,ﾚﾃﾗﾀｲ4ｺﾞｳ(ﾈｯﾄﾎｳﾀｲ)3.7cmｶｹﾙ25m,箱、m,1900,ガーゼ類
3,36,4364,ﾌﾟﾘﾝﾀｲﾝｸ RDH-BK-L　ﾌﾞﾗｯｸ増量 ﾘｺｰﾀﾞｰ,ﾌﾟﾘﾝﾀｲﾝｸ RDH-BK-L ﾌﾞﾗｯｸｿﾞｳﾘｮｳ ,個,1636,トナー
4,45,5146,ｻﾆｻｰﾗﾌｫｰﾑSH 泡ﾀｲﾌﾟ 6本/箱,ｱﾙｺｰﾙ,本,1600,アルコール類
4,41,2351,ラップキュアドレッシング　15ｘ10,ﾗｯﾌﾟｷｭｱﾄﾞﾚｯｼﾝｸﾞ,個,1580,テープ類
4,45,5147,消毒用エタノール「ｹﾝｴｰ」(減容）1000ｍｌ,ｼｮｳﾄﾞｸﾖｳｴﾀﾉｰﾙ,本,1558,アルコール類
8,82,2364,サーモベント02（T用ﾁｭｰﾌﾞ）50㎝,ｻｰﾓﾍﾞﾝﾄ0250ｾﾝﾁ,本,1440,その他材料②
4,44,4967,ｶﾞｰｾﾞ４折　ﾎｽﾋﾟﾀﾙｶﾞｰｾﾞ30×30　300枚入,ｶﾞｰｾﾞ 4ﾂｵﾘ ﾎｽﾋﾟﾀﾙｶﾞｰｾﾞ,個,1430,ガーゼ類
4,44,4,レテラタイ3号（ﾈｯﾄ包帯）2.4cm×25m,ﾚﾃﾗﾀｲ,箱、m,1380,ガーゼ類
7,72,4855,ｸｲｯｸﾙﾜｲﾊﾟｰ業務用ﾜｲﾄﾞｻｲｽﾞ立体吸着ｳｴｯﾄﾀｲﾌﾟ,ｸｲｯｸﾙﾜｲﾊﾟｰｷﾞｮｳﾑﾖｳ,袋,1320,掃除用品類
3,36,3288,廃インクボックスタイプ　IPSiO GX e5500,ﾊｲｲﾝｸﾎﾞｯｸｽﾀｲﾌﾟ IPSiO GX e5500,個,1294,トナー
6,63,2251,GL-20　殺菌　10ｹ/箱　ﾌﾀﾊﾞ,ｼﾞｰｴﾙ20,本,1280,蛍光灯
4,42,5116,ニトリル手袋・ロング　L,ﾆﾄﾘﾙﾃﾌﾞｸﾛ･ﾛﾝｸﾞ L 100ﾏｲｲ ﾌｶｶﾞﾜ,個,1230,手袋
4,42,5115,ニトリル手袋・ロング　M,ﾆﾄﾘﾙﾃﾌﾞｸﾛ･ﾛﾝｸﾞ M 100ﾏｲｲ ﾌｶｶﾞﾜ,個,1230,手袋
8,82,3341,SMU経鼻エアウェイ　可動式固定板付,ｴｱｳｪｲ,本,1190,その他材料②
8,82,1790,ホワイトエプロン　ﾋﾞﾆｰﾙ製　入浴用,ﾆｭｳﾖｸﾖｳｴﾌﾟﾛﾝ,枚,1148,その他材料②
8,82,2074,防水シーツ　,ﾎﾞｳｽｲｼｰﾂ3ﾏｲ,枚,1141,その他材料②
3,37,514,医師経過記録A4（ﾊﾟﾅｹｲｱ）　100枚/冊　10冊/包,ｲｼｹｲｶｷﾛｸ,冊,1100,印刷物
8,82,2862,スタイレット　大　430mm,ｽﾀｲﾚｯﾄ ﾀﾞｲ 430mm,個,990,その他材料②
8,82,3751,MMI　クリンシーツﾛｰﾙﾀｲﾌﾟ　W370mm×48m,ｸﾘﾝｼｰﾂﾛｰﾙﾀｲﾌﾟ W370mmﾊﾞﾂ48m,個,975,その他材料②
8,82,4570,気管内チューブ 6.5mm,ｷｶﾝﾅｲﾁｭｰﾌﾞ 6.5mm,本,960,その他材料②
8,82,217,吸入マスク（ﾈﾌﾞﾗｲｻﾞｰ）大,ﾈﾌﾞﾏｽｸ ｷｭｳﾆｭｳ,個,960,その他材料②
3,31,2930,ネームランドテープ（黄）18mm,ﾈｰﾑﾗﾝﾄﾞﾃｰﾌﾟｷｲﾛ18mm ｵﾌｨｽ,個,935.6,文具①
1,12,4896,ダニアース,ﾀﾞﾆｱｰｽ,本,924,日用品②
3,31,2800,ネームランドテープ（白）18mm,ﾈｰﾑﾗﾝﾄﾞﾃｰﾌﾟ ｵﾌｨｽ,個,907.8,文具①
3,31,2654,ﾃﾌﾟﾗＰＲＯﾃｰﾌﾟｶｰﾄﾘｯｼﾞ18mm　白,ﾃﾌﾟﾗﾃｰﾌﾟ ｵ,個,905.9,文具①
4,42,5294,ｴｸｾﾚﾝﾄニトリル S 200枚入,ﾆﾄﾘﾙ S 200ﾏｲｲ ｲｼﾏﾙ,個,900,手袋
4,42,5275,ｴｸｾﾚﾝﾄニトリル SS 200枚入,ﾆﾄﾘﾙ SS 200ﾏｲｲ ｲｼﾏﾙ,個,900,手袋
4,42,4877,ニトリル手袋・ロング　S,ﾆﾄﾘﾙﾃﾌﾞｸﾛ･ﾛﾝｸﾞ S,個,900,手袋
8,82,2361,気管内チューブ　7.0mm,ｷｶﾝﾅｲﾁｭｰﾌﾞ 7.0mm,本,880,その他材料②
8,82,2647,気管内チューブ　7.5mm,ｷｶﾝﾅｲﾁｭｰﾌﾞ 7.5mm,本,880,その他材料②
1,11,4231,スーパーソフター4L　4本/箱,ｿﾌﾀｰ4L 4ﾎﾝ･ﾊｺ,本,864,日用品①
4,42,3965,ニトリルグローブ　L　200枚,ﾆﾄﾘﾙｸﾞﾛｰﾌﾞ L 200ﾏｲ,個,850,手袋
4,42,3485,ニトリルグローブ　M　200枚,ﾆﾄﾘﾙｸﾞﾛｰﾌﾞ M 200ﾏｲ,個,850,手袋
6,63,3372,GL15　殺菌ﾗﾝﾌﾟN,GL15 ｻｯｷﾝﾗﾝﾌﾟN,本,850,蛍光灯
3,35,1982,領収証用紙296×210　A4無地ﾐｼﾝﾒ入　500枚/箱,ﾘｮｳｼｭｳｼｮﾖｳｼ,冊,849,コピー用紙
3,35,307,領収証用紙Ｂ5無地ﾐｼﾝ目入　白色　500枚/箱,ﾘｮｳｼｭｳｼｮﾖｳｼ,冊,844,コピー用紙
8,82,3660,ピューラックスS　1800ml,ﾋﾟｭｰﾗｯｸｽS 1800ml,本,840,その他材料②
8,82,3942,感熱ロールラベル94/90　TRA0M333,ｶﾝﾈﾂﾛｰﾙﾗﾍﾞﾙ,個,833.33,その他材料②
3,36,4582,ﾌﾟﾘﾝﾀｲﾝｸEpson IC6CL80L ﾌﾞﾗｯｸ ﾘｻｲｸﾙ,ﾌﾟﾘﾝﾀｲﾝｸEpson IC6CL80L ﾌﾞﾗｯｸ ,個,827,トナー
3,36,4584,ﾌﾟﾘﾝﾀｲﾝｸEpson IC6CL80L ﾏｾﾞﾝﾀ ﾘｻｲｸﾙ,ﾌﾟﾘﾝﾀｲﾝｸEpson IC6CL80L ﾏｾﾞﾝﾀ ,個,819,トナー
3,36,4585,ﾌﾟﾘﾝﾀｲﾝｸEpson IC6CL80L ｲｴﾛｰ ﾘｻｲｸﾙ,ﾌﾟﾘﾝﾀｲﾝｸEpson IC6CL80L ｲｴﾛｰ ,個,819,トナー
3,36,4586,ﾌﾟﾘﾝﾀｲﾝｸEpson IC6CL80L ﾗｲﾄｼｱﾝ ﾘｻｲｸﾙ,ﾌﾟﾘﾝﾀｲﾝｸEpson IC6CL80L ﾗｲﾄｼｱﾝ ,個,819,トナー
7,72,4232,スーパーバスクリーナー4L　4本/箱,ﾊﾞｽｸﾘｰﾅｰ4L 4ﾎﾝ･ﾊｺ,本、箱,803,掃除用品類
4,45,4092,ルビスタ　ワイプ　本体,ﾙﾋﾞｽﾀ ﾜｲﾌﾟ 1100ﾄﾞ100ﾏｲ,個,799,アルコール類
3,32,238,パンチラベル　80ｼｰﾄ/箱,ﾊﾟﾝﾁﾗﾍﾞﾙ,箱,796.8,文具②
3,37,456,フローシート,ﾌﾛｰｼｰﾄ,冊,785,印刷物
4,42,5300,ニトリルシエル　S　200枚入,ﾆﾄﾘﾙ S 200ﾏｲ,個,780,手袋
8,82,1708,食事用エプロン,ｼｮｸｼﾞﾖｳｴﾌﾟﾛﾝ,枚,770,その他材料②
1,13,4365,ウォーターメイト　30本/箱　6箱/ケース,ｳｫｰﾀｰﾒｲﾄ ｽﾎﾟｰﾂﾄﾞﾘﾝｸ 30ﾎﾝｲﾘ,箱、ケース,750,食用品
4,41,10,オーキューバンエコ（M）　200枚/箱,ｵｰｷｭｰﾊﾞﾝｴｺﾔｼﾞﾙｼｴﾊﾞﾙｽ,箱,750,テープ類
3,35,3161,カラーコピー用紙　A4　クリーム　,ｺﾋﾟｰﾖｳｼｶﾗｰ A4 ｸﾘｰﾑ 5ｻﾂ･ﾊｺ,冊,738,コピー用紙
3,35,3688,コピー用紙　ﾀｲﾌﾟFC　A4厚口,ｺﾋﾟｰﾖｳｼA4ﾎｯﾄﾆｭｰｽ,冊,734,コピー用紙
7,72,4260,強力カビハイター　1000ｍｌ,ｶﾋﾞﾊｲﾀｰ 1000ml,本,710,掃除用品類
3,36,4583,ﾌﾟﾘﾝﾀｲﾝｸEpson IC6CL80L ｼｱﾝ ﾘｻｲｸﾙ,ﾌﾟﾘﾝﾀｲﾝｸEpson IC6CL80L ｼｱﾝ ,個,708,トナー
3,36,4587,ﾌﾟﾘﾝﾀｲﾝｸEpson IC6CL80L ﾗｲﾄﾏｾﾞﾝﾀ ﾘｻｲｸﾙ,ﾌﾟﾘﾝﾀｲﾝｸEpson IC6CL80L  ﾘｻｲｸﾙ,個,708,トナー
1,11,2345,おしぼりロール紙（厚）　24ｹ/ｹｰｽ,ｵｼﾎﾞﾘﾛｰﾙｼ(ｱﾂ),個、ｹｰｽ,700,日用品①
4,43,4913,ICｸﾞﾗｽⅡ手術・検査用ﾌﾞﾙｰ,ﾌｪｲｽｼｰﾙﾄﾞICｸﾞﾗｽ2,本,700,PPE
3,31,3038,チャック袋（大）　240×340　100枚*10,ﾁｬｯｸﾌｸﾛA4(ﾀﾞｲ),袋,677.6,文具①
6,63,2840,FHT42EX-N-Ｂ　ﾂｲﾝ3　ﾈｵ,FHT42EX-N-B ﾂｲﾝ3 ﾈｵ,本,675,蛍光灯
3,36,4642,ﾌﾟﾘﾝﾀｲﾝｸEPSON　ICBK69L互換　ﾌﾞﾗｯｸ増量,ﾌﾟﾘﾝﾀｲﾝｸ ﾌﾞﾗｯｸｿﾞｳﾘｮｳ,個,669,トナー
1,12,4589,花王 ｸｲｯｸﾙﾜｲﾊﾟｰ 替 (40枚)　ドライ,ｸｲｯｸﾙﾜｲﾊﾟｰ (40ﾏｲ) ﾄﾞﾗｲ,袋,663,日用品②
3,31,2813,ネームランドテープ（白）12mm,ﾈｰﾑﾗﾝﾄﾞﾃｰﾌﾟ1,個,662.2,文具①
3,31,2859,ネームランドテープ（白）9mm,ﾈｰﾑﾗﾝﾄﾞﾃｰﾌﾟ9mm(ｼﾛ) ｵﾌｨｽ,個,662.2,文具①
3,31,2429,ﾃﾌﾟﾗＰＲＯﾃｰﾌﾟｶｰﾄﾘｯｼﾞ9mm　白,ﾃﾌﾟﾗﾃｰﾌﾟｰ9ｼﾛ ｵﾌｨｽﾒｰｶｰ,個,651.6,文具①
3,31,2430,ﾃﾌﾟﾗPROﾃｰﾌﾟｶｰﾄﾘｯｼﾞ12mm　白,ﾃﾌﾟﾗﾃｰﾌﾟｰｼﾛ ｵﾌｨｽﾒｰｶｰ,個,651.6,文具①
4,41,2,シルキーポア7,ｼﾙｷｰﾎﾟｱ,個,650,テープ類
3,35,2798,コピー用紙A3　3冊/箱,ｺﾋﾟｰ ｵﾌｨｽA3,冊、箱,640,コピー用紙
4,42,4774,青ｴﾝﾎﾞｽ手袋 XS 400枚/個,ｴﾝﾎﾞｽﾃﾌﾞｸﾛ,個,640,手袋
4,42,4775,青ｴﾝﾎﾞｽ手袋 S 400枚/個,ｴﾝﾎﾞｽﾃﾌﾞｸﾛ,個,640,手袋
4,42,4777,青ｴﾝﾎﾞｽ手袋 L 400枚/個,ｴﾝﾎﾞｽﾃﾌﾞｸﾛ,個,640,手袋
6,63,3112,FHT32EX-N-J,FHT32Ex-N-J,個,640,蛍光灯
8,81,2610,高濃度用酸素ﾏｽｸ　成人用　No.5-1,ｺｳﾉｳﾄﾞﾏｽｸ ｾｲｼﾞﾝﾖｳ No.5-1,個,640,その他材料①
8,81,4678,ﾎｲｯﾌﾟｳｫｯｼｭﾓｲｽﾄ UDMD 6本/箱,ﾎｲｯﾌﾟｳｫｯｼｭﾓｲｽﾄ UDMD 6ｺｲ,本、箱,640,その他材料①
3,31,2826,ネームランドテープ（黄）12mm,ﾈｰﾑﾗﾝﾄﾞﾃｰﾌﾟ(ｷ)XR-YW ｵﾌｨｽ12mm ,個,630.8,文具①
3,31,2857,ネームランドテープ（黄）9mm,ﾈｰﾑﾗﾝﾄﾞｽﾀﾝﾀﾞｰ(ｷ))  ｵｵﾌｨｽﾒｰｶｰ,個,630.8,文具①
4,45,4093,ルビスタ　ワイプ　詰替,ﾙﾋﾞｽﾀ ﾜｲﾌﾟ ﾂﾒｶ 840ﾄﾞ100ﾏｲ,個,621,アルコール類
4,44,1469,カット綿4×4㎝　500g,ｶｯﾄﾒﾝ,箱,620,ガーゼ類
3,36,4646,ﾌﾟﾘﾝﾀｲﾝｸEPSON　IC4CL69互換　ｼｱﾝ,ﾌﾟﾘﾝﾀｲﾝｸ ｼｱﾝ,個,615,トナー
3,36,4647,ﾌﾟﾘﾝﾀｲﾝｸEPSON　IC4CL69互換　ﾏｾﾞﾝﾀ,ﾌﾟﾘﾝﾀｲﾝｸ ﾏｾﾞﾝﾀ,個,615,トナー
3,36,4648,ﾌﾟﾘﾝﾀｲﾝｸEPSON　IC4CL69互換　ｲｴﾛｰ,ﾌﾟﾘﾝﾀｲﾝｸ ｲｴﾛｰ,個,615,トナー
1,12,4404,コンドル自由ほうき本体　32cm　,ﾎｳｷ 32cm ﾆｼﾑﾗ,本,605,日用品②
1,12,4318,ゴキブリ殺虫剤　コックローチ,ｺﾞｷﾌﾞﾘｻｯﾁｭｳｻﾞｲ,本,597,日用品②
3,35,3142,カラーコピー用紙A4　ライトブルー,ｺﾋﾟｰﾖｳｼｶﾗｰA4 ﾗｲﾄﾌﾞﾙｰ,冊,590,コピー用紙
8,82,2363,サーモベントT（人工鼻）,ｻｰﾓﾍﾞﾝﾄT,個,585,その他材料②
6,63,2240,FHT24EX-N　　10本/箱　ﾌﾀﾊﾞ,FHT24EX-N  10ﾎﾝ/ﾊｺ ﾌﾀﾊﾞ,本,580,蛍光灯
8,81,1444,チュチュつけるだけ1.1L,ﾁｭﾁｭﾂｹﾙﾀﾞｹ,本,570,その他材料①
1,12,4437,モップ（棒）ｺﾝﾄﾞﾙ　ﾈｵｶﾗーﾓｯﾌﾟ＃8,ﾓｯﾌﾟ ﾆｼﾑﾗ,本,567,日用品②
1,12,4681,ﾑｶﾃﾞｷﾝﾁｮｰﾙ,ﾑｶﾃﾞｷﾝﾁｮｰﾙ  ﾆｼﾑﾗ,本,560,日用品②
3,37,453,看護記録　5冊/包,ｶﾝｺﾞｷﾛｸ,冊,560,印刷物
6,63,2246,FLR40SY/M　補虫用　25本/箱　ﾌﾀﾊﾞ,FLR40SY/M ﾎﾑｼﾖｳ 25ﾎﾝ/ﾊｺ ﾌﾀﾊﾞ,本,560,蛍光灯
8,81,4197,中濃度用酸素ﾏｽｸ　小児用　No.4-2,ﾁｭｳﾉｳﾄﾞﾏｽｸ ｼｮｳﾆﾖｳ No.4-2,個,560,その他材料①
8,81,77,中濃度用酸素ﾏｽｸ　成人用　No.4-1,ﾁｭｳﾉｳﾄﾞﾏｽｸ ｾｲｼﾞﾝﾖｳNO4-110ｺ/,個,560,その他材料①
8,82,3240,イソジン液10％　250ml　Meiji,ｲｿｼﾞﾝｴｷ10% 250ml Meiji,本,559,その他材料②
8,82,469,気管吸引用ｷｯﾄMD-33050SUMIUS住友ﾍﾞｰｸﾗｲﾄ,ｷｶﾝｷｭｳｲﾝﾖｳｷｯﾄ,本,550,その他材料②
8,81,4198,高濃度用酸素ﾏｽｸ　小児用　No.5-2,ｺｳﾉｳﾄﾞﾏｽｸｼｮｳﾆﾖｳ No.5-2 10ｲﾘ,個,536,その他材料①
3,32,278,元帳Ｂ5　26穴,ﾓﾄﾁｮｳ,冊,531.33,文具②
1,12,4743,ソフティ浴用化粧料肌ｹｱ　12本/箱　にしむら,ｿﾌﾃｨﾖｸﾖｳｹｼｮｳﾘｮｳ,本,523,日用品②
5,53,495,2WAYシリコンﾊﾞﾙｰﾝｶﾃｰﾃﾙ14Fr,2WAYｼﾘｺﾝﾊﾞﾙｰﾝｶﾃｰﾃﾙ14fr ｲｼﾏﾙ,本,520,カテーテル類
6,63,2174,電球　EFA10EN/8-R　ﾌﾀﾊﾞ,ﾃﾞﾝｷｭｳ EFA10EN/8ｰR ﾌﾀﾊﾞ,個,510,蛍光灯
1,12,366,ﾋﾞｵﾚu泡ﾎﾞﾃﾞｨｳｫｯｼｭ　ﾎﾟﾝﾌﾟ600ml,ﾋﾞｵﾚﾕｳｱﾜﾎﾞﾃﾞｨｳｫｯｼｭ ﾎﾟﾝﾌﾟ600ml,本,500,日用品②
4,42,5120,ｵｵｻｷ ﾌﾟﾗｽﾁｯｸｸﾞﾛｰﾌﾞL 200枚 12ヶ/ｹｰｽ,ﾌﾟﾗｽﾁｯｸｸﾞﾛｰﾌﾞL200ﾏｲ 12ｹ/ﾊｺ,個、ｹｰｽ,495,手袋
4,42,5085,ｵｵｻｷ ﾌﾟﾗｽﾁｯｸｸﾞﾛｰﾌﾞM 200枚 12ヶ/ｹｰｽ,ﾌﾟﾗｽﾁｯｸｸﾞﾛｰﾌﾞM 200ﾏｲ 12ｹ/ﾊｺ,個、ｹｰｽ,495,手袋
4,42,5119,ｵｵｻｷ ﾌﾟﾗｽﾁｯｸｸﾞﾛｰﾌﾞS200枚 12ヶ/ｹｰｽ,ﾌﾟﾗｽﾁｯｸｸﾞﾛｰﾌﾞS200ﾏｲ 12ｹ/ﾊｺ,個、ｹｰｽ,495,手袋
8,82,3943,感熱ロールラベル54/50　TRA0E332,ｶﾝﾈﾂﾛｰﾙﾗﾍﾞﾙ54/50 35/1280S 12/,個,495,その他材料②
3,32,197,USB,ﾕｰｴｽﾋﾞｰ,個,489,文具②
8,82,4330,口腔ケアウエッティー　ボトル,ｺｳｸｳｹｱｳｴｯﾃｨｰ ﾎﾞﾄﾙ 100ﾏｲ,個,481,その他材料②
3,35,2799,コピー用紙B4　5冊/箱,ｺﾋﾟｰ ｵﾌｨｽB4,冊、箱,476,コピー用紙
1,11,3051,ライオンカラーブリーチ　2L　6本/ｹｰｽ,ｶﾗｰﾌﾞﾘｰﾁ 2Lﾗｲｵﾝ,本、ｹｰｽ,455.33,日用品①
8,82,5167,コアレスニードルセットCFW20GX3/4-450 10/箱,ｺｱﾚｽﾆｰﾄﾞﾙｾｯﾄCFW20GX3/4-450 10/,本,450,その他材料②
6,63,2189,FHF32EX-N-HX-S　25/箱　ﾌﾀﾊﾞ,FHF32EX-N-HX-S 25/ﾊｺ ﾌﾀﾊﾞ,本,440,蛍光灯
8,82,3963,薬用ハンドソープ　空容器　500ml,ﾔｸﾖｳﾊﾝﾄﾞｿｰﾌﾟ ﾌｫｰﾑ,個,420,その他材料②
1,11,5064,ポータブルトイレ消臭液　400ml,ﾎﾟｰﾀﾌﾞﾙﾄｲﾚｼｮｳｼｭｳｴｷ 400ml,本,410,日用品①
3,37,1456,利用履歴　100枚/冊　ﾊﾟﾅｹｲｱ,ﾘﾖｳﾘﾚｷ 100ﾏｲｽﾗｯｼｭｻﾂ ﾊﾟﾅｹｲｱ,冊,400,印刷物
8,82,4551,オリブ油　ケンエー　100ml,ｵﾘﾌﾞﾕ ｹﾝｴｰ 100ml,個,395,その他材料②
3,37,463,食事箋　10冊/包　　病院,ｼｮｸｼﾞｾﾝ ﾋﾞｮｳｲﾝ,冊,390,印刷物
8,82,4981,検診用ﾛｰﾙｼｰﾂ　ｵｵｻｷﾒﾃﾞｨｶﾙ,ﾛｰﾙｼｰﾂ,個,387.5,その他材料②
8,82,4336,口腔ケアウエッティー　詰め替え用,ｺｳｸｳｹｱｳｴｯﾃｨｰ ﾂﾒｶｴﾖｳ,個,384,その他材料②
3,32,1400,製本テープ35mm×10m　黒,ｾｲﾎﾝﾃｰﾌﾟ35mmｶｹﾙ10m ｸﾛ,個,382,文具②
4,45,4727,サラサイド　除菌クロス（ピロー型）80枚入,ｼﾞｮｷﾝｸﾛｽ(ﾋﾟﾛｰｶﾞﾀ),個、ｹｰｽ,380,アルコール類
3,31,4294,チャック袋170×240　100枚　(HG-4),ﾁｬｯｸﾌｸﾛ170ｶｹﾙ240 100ﾏｲ (hg-4),袋,379,文具①
8,82,3801,ニプロ　尿カップ　200ml　100ｹ/箱,ｹﾝﾆｮｳｶｯﾌﾟ 200ml 100ｹ･ﾊｺ ｲｼﾏﾙ,箱,374,その他材料②
3,37,183,理美容伝票,ﾘﾋﾞﾖｳﾃﾞﾝﾋﾟｮｳ,冊,370,印刷物
5,52,93,エルプ糸付縫合針　青ﾅｲﾛﾝ　3-0,ｴﾙﾌﾟｲﾄ 17mm F17-30N3,本,347,針類
5,52,94,エルプ糸付縫合針　青ﾅｲﾛﾝ　4-0,ｴﾙﾌﾟﾎｳｺﾞｳｼﾝﾌﾟ F17-40N3,本,347,針類
3,31,399,液状のり補充液　400ml LG2-400,ﾉﾘ,本,338.67,文具①
3,37,1598,預り証　A6,ｱｽﾞｶﾘｼｮｳ,冊,330,印刷物
8,82,108,酸素カニューラ（L),ｻﾝｿｶﾆｭｰﾗ,個,330,その他材料②
4,43,4999,遮光スプレー400ml 茶褐色,ｼｬｺｳｽﾌﾟﾚｰ400ml ﾁｬｶｯｼｮｸ,本,329.2,PPE
8,82,2949,ビジダーム　　50枚/箱,ﾋﾞｼﾞﾀﾞｰﾑ  50ﾏｲ/ﾊｺ,枚,327.12,その他材料②
4,45,4696,アルコサージュジェルVA　250ｍｌ,ｱﾙｺｰﾙ,本,323,アルコール類
8,81,4906,ﾆﾌﾟﾛEDﾊﾞｯｸﾞA　(紫)  経腸栄養注入ｾｯﾄ,ｲｰﾃﾞｨｰﾊﾞｯｸﾞ,個,320,その他材料①
8,81,15,EDセットA　(黄),ｲｰﾃﾞｾｯﾄ,本,320,その他材料①
6,62,5071,アルカリ乾電池　9V形　6LF22,ﾃﾞﾝﾁ 9Vｶﾞﾀ 6lF22,本,319.1,電池
1,12,5192,ウッドデザートスプーン　100本,ｽﾌﾟｰﾝ ｱﾏｿﾞﾝ,袋,319,日用品②
6,63,324,FL15BL　補虫客用　10本/箱,FL15BL ﾎﾑｼｷｬｸﾖｳ 10ﾎﾝ/ﾊｺ,個,315,蛍光灯
1,12,4380,ｺﾝﾄﾞﾙ自由ほうき　スペア　32cm,ﾎｳｷ ﾆｼﾑﾗ,本,307,日用品②
1,12,5292,おとし紙ニューソフト　1200枚,ｵﾄｼｶﾞﾐﾆｭｰｿﾌﾄ 1200ﾏｲ,袋,305,日用品②
4,43,4817,ｺﾞｰｸﾞﾙ保護ﾒｶﾞﾈ,ｺﾞｰｸﾞﾙ,個,298.17,PPE
4,43,5271,遮光スプレーボトル500ml,ｼｬｺｳｽﾌﾟﾚｰﾎﾞﾄﾙ500ml,本,298,PPE
1,11,4249,ハイウォッシュジョイ除菌　詰替　490g,ﾊｲｳｫｯｼｭｼﾞｮｲ ﾂﾒﾀｲ 490g,個,295,日用品①
4,45,4676,消エタサラコール(減容ﾎﾞﾄﾙ）500ｍｌ,ｼｮｳｴﾀｻﾗｺｰﾙ(ｹﾞﾝﾖｳﾎﾞﾄﾙ)500ml,本,290,アルコール類
3,31,4293,チャック袋60×85　300枚　(BG-4),ﾁｬｯｸﾌｸﾛ60ｶｹﾙ85 300ﾏｲ (bg-4),袋,287,文具①
3,31,1316,チャック袋140×200　100枚（GG-4）,ﾁｬｯｸﾌｸﾛ140ｶｹﾙ200 100ﾏｲ(gg-4),袋,284,文具①
3,31,1315,チャック袋85×120　200枚（DG-4）,ﾁｬｯｸﾌｸﾛ85ｶｹﾙ120 200ﾏｲ(DG-4),袋,283,文具①
3,35,2739,コピー用紙A4　10冊/箱,ｺﾋﾟｰ ｵﾌｨｽ 5A4,冊、箱,282,コピー用紙
8,82,470,滅菌ドレープ・撥水　　ｱｽﾞﾜﾝ,ﾄﾞﾚｰﾌﾟｱﾅｱｷ,枚,281.2,その他材料②
8,81,5310,紙コップ　(7ｵﾝｽ）100/袋,ｶﾐｺｯﾌﾟ (7ｵﾝｽ)100ｽﾗｯｼｭﾌｸﾛ,袋,271.15,その他材料①
8,82,5176,ｽｷﾅｹﾞｰﾄｶﾞﾁｯﾄﾍﾞｰｼﾞｭSGGB25,ｽｷﾅｹﾞｰﾄｶﾞﾁｯﾄﾍﾞｰｼﾞｭSGGB25 12ﾏｷ/,個,270.83,その他材料②
1,12,4316,デッキブラシ,ﾃﾞｯｷﾌﾞﾗｼ,本,270,日用品②
3,37,521,経過記録　100枚/冊　パナケイア,ｹｲｶｷﾛｸ ﾊﾟﾅｹｲｱ,冊,270,印刷物
4,43,5297,やわらかHOTタオル　30枚/袋　40袋/1箱,ﾀｵﾙ 30ﾏｲ/ﾌｸﾛ,箱,270,PPE
4,41,11,サージカルテープ(N-50)　1530-2　6個/箱,ｻｰｼﾞｶﾙﾃｰﾌﾟﾏ,個,262.5,テープ類
1,12,4594,リケンファブロ 業務用リケンラップ 30cm×100m,ﾗｯﾌﾟ,本,262,日用品②
1,12,4392,ガラスマジックリン（本体）ｽﾌﾟﾚｰ400ml,ｶﾞﾗｽﾏｼﾞｯｸﾘﾝ ﾆｼﾑﾗ ﾆｼﾑﾗ,本,254,日用品②
8,81,1439,ユローズバック(閉鎖式導尿)　5枚/箱,ﾕﾛｰｽﾞﾊﾞｯｸ,枚,254,その他材料①
4,41,1909,紙バンＮｏ．9-10　10個/箱,ｶﾐﾊﾞﾝﾔｼﾞﾙｼｴﾊﾞﾙｽ,箱,252,テープ類
4,44,3,ベネファクト2号12巻2.5cm×5m　12ｹ/箱,ﾍﾞﾈﾌｧｸﾄ 12/ﾊｸﾊｺｹ,個,250,ガーゼ類
8,81,4826,ｵｵｻｷﾌﾟﾗｽﾁｯｸｴﾌﾟﾛﾝ 袖なし ﾌﾞﾙｰ 16個/ｹｰｽ,ｴﾌﾟﾛﾝ ｿﾃﾞﾅｼ ﾌﾞﾙｰ 60,個、ｹｰｽ,250,その他材料①
8,82,106,駆血帯　5m　,ｸｹｯﾀｲ ,ｍ,250,その他材料②
1,12,4308,アースジェット　450ml,ｱｰｽｼﾞｪｯﾄ 450ml,本,249,日用品②
1,12,4415,亀の子たわし,ﾀﾜｼ,個,245,日用品②
4,43,5148,遮光容器300?ホワイト　アマゾン,ｼｬｺｳﾖｳｷ300?,本,245,PPE
7,72,4236,風呂用スポンジ　ｽｺｯﾁﾌﾞﾗｲﾄ,ｽﾎﾟﾝｼﾞ ﾌﾛﾖｳｽｺｯﾁﾌﾞﾗｲﾄ,個,244,掃除用品類
3,32,1020,ネーム９専用　補充インキ　朱色ｶｰﾄﾘｯｼﾞ2個入,ｼｬﾁﾊﾀ ﾈｰﾑ9 ﾎｼﾞｭｳ,袋,242,文具②
4,44,4844,RPｸﾛｽｶﾞｰｾﾞEV 4号25×25cm 4ﾂ折 200枚入,ｶﾞｰｾﾞ,袋,242,ガーゼ類
8,82,110,ドレンバッグ　JU-BA　2000ml,ﾄﾞﾚﾝﾊﾞｯｸﾞ JU-BA 2000ml,個,240,その他材料②
3,35,2767,コピー用紙B5　5冊/箱,ｺﾋﾟｰﾖｳｼB5,冊、箱,238,コピー用紙
1,12,4252,ゴム手袋L　ﾊﾞｲｵﾚｯﾄ,ｺﾞﾑﾃﾌﾞｸﾛL ﾊﾞｲｵﾚｯﾄ ﾆｼﾑﾗ,個,230,日用品②
3,32,403,マジックインキ専用補充液　ｸﾛ,ﾏｼﾞｯｸｲﾝｷﾜ,個,230,文具②
3,35,3124,コピー用紙A5　10冊/箱,ｺﾋﾟｰﾖｳｼA5 500ﾏｲ/ﾊｺ ﾀﾉ,冊、箱,221.8,コピー用紙
1,11,4498,モップの替え糸,ﾓｯﾌﾟﾉｶｴｲﾄ,個,220,日用品①
8,81,5019,エンゼル用ハンカチ波模様,ｴﾝｾﾞﾙﾖｳﾊﾝｶﾁﾅﾐﾓﾖｳ,枚,220,その他材料①
1,12,4409,マジックリン　500ml　(油汚れ),ﾏｼﾞｯｸﾘﾝ 500ml ﾆｼﾑﾗ (ｱﾌﾞﾗﾖｺﾞﾚ),本,218,日用品②
1,11,4254,健康タオル(ﾎﾞﾃﾞｨﾀｵﾙ),ﾀｵﾙ ｼﾞｮｳ ﾆｼﾑﾗ (ﾎﾞﾃﾞｨﾀｵﾙ),枚,215,日用品①
3,31,2725,ビニルテープS幅広50mm　白,ﾋﾞﾆﾙﾃｰﾌﾟ ﾊﾊﾞ,個,209,文具①
7,71,2762,レジ袋　20冊/箱,ﾚｼﾞﾌｸﾛ N30,冊,208,ゴミ袋
5,53,4223,RUSCHフォーリーカテーテル　14Fr.,ﾊﾞﾙﾝﾌｫｰﾘｰｶﾃｰﾃﾙ 14Fr.,本,205,カテーテル類
5,53,4225,RUSCHフォーリーカテーテル16Fr.,ﾊﾞﾙﾝﾌｫｰﾘｰｶﾃｰﾃﾙ16Fr. 25-022,本,205,カテーテル類
5,53,4268,RUSCHフォーリーカテーテル18Fr.,ﾊﾞﾙﾝﾌｫｰﾘｰｶﾃｰﾃﾙ18fr｡ 25-023 10,本,205,カテーテル類
4,42,5258,ｴﾝﾎﾞｽ手袋PE青　M (200枚入/個),ｴﾝﾎﾞｽﾃﾌﾞｸﾛ,個,195,手袋
6,63,1565,FLR40SD/M/36　25ｹ/箱　,FLR40SD/M/36 25ｹ/ﾊｺ ,本,195,蛍光灯
6,62,2686,ボタン電池　CR　2032,ﾃﾞﾝﾁCR2032 ,個,194,電池
7,73,4194,ｻﾗﾔ　針捨てBOX　1.5L,ﾒﾃﾞｨｶﾙｸﾘｰﾅｰBOX,個,192.77,廃棄類
4,41,1937,ステリストリップ6×38　R1542　50/箱,ｽﾃﾘｽﾄﾘｯﾌﾟ,枚,191.44,テープ類
4,41,5125,ステリストリップ6×75　R1541　50/箱,ｽﾃﾘｽﾄﾘｯﾌﾟR1541,枚,191.44,テープ類
8,81,4328,紙コップ　(5ｵﾝｽ）100/袋,ｶﾐｺｯﾌﾟ (5ｵﾝｽ)100/ﾌｸﾛ,袋,183.67,その他材料①
8,81,4677,紙コップ(5ｵﾝｽ)　100/袋　ﾀﾉﾒｰﾙ,ｶﾐｺｯﾌﾟ(5ｵﾝｽ) 100ｽﾗｯｼｭﾌｸﾛ ﾀﾉﾒｰﾙ,袋,183,その他材料①
4,43,5318,N95ﾏｽｸ　くちばし型　深川,ﾏｽｸ ｸﾁﾊﾞｼｶﾞﾀ ﾌｶｶﾞﾜ,枚,180,PPE
7,72,4241,トイレブラシ　ｽﾎﾟﾝｼﾞ,ﾄｲﾚﾌﾞﾗｼ ｽﾎﾟﾝｼﾞ,本,180,掃除用品類
8,81,3912,三方活栓付ｴｸｽﾃﾝｼｮﾝﾁｭｰﾌﾞ　20本/箱,ｴｸｽﾃﾝｼｮﾝﾁｭｰﾌﾞ ﾆｰﾄﾞﾙﾚｽﾎﾟｰﾄﾂｷ 20,本、箱,180,その他材料①
3,32,304,FSC認証領収書小切手判2色刷,ﾘｮｳｼｭｳｼｮ,冊,179,文具②
8,81,3591,サラヤ塩化ベンザルコニウム10％　500ml,ｴﾝｶﾍﾞﾝｻﾞﾙｺﾆｳﾑ10% 500ml,本,179,その他材料①
4,45,4843,ｱﾙｺｰﾙ綿,ｱﾙｺｰﾙﾒﾝ2-E ｴﾀﾉｰﾙ ｱｽﾃﾑ,箱,178,アルコール類
4,43,4820,ﾌｪｲｽｼｰﾙﾄﾞ 使い捨て ｱﾏｿﾞﾝ,ﾌｪｲｽｼｰﾙﾄﾞ,枚,176,PPE
4,43,5306,N95ﾏｽｸ(ｶｯﾌﾟ式)　20枚/箱　DS2,ﾏｽｸ(ｶｯﾌﾟｼｷ) 20ﾏｲｽﾗｯｼｭﾊｺ DS2,枚,175,PPE
4,44,5124,弾性ﾎｰﾀｲ10㎝×4.5m 10巻/箱,ﾀﾞﾝｾｲﾎｰﾀｲ,個,175,ガーゼ類
8,82,3342,エアウェイ　No.4　,ｴｱｳｪｲ No.4,個,170,その他材料②
4,41,5320,トランスポア 3M  25mm　12巻/箱,ﾄﾗﾝｽﾎﾟｱ 3M 1527-1 25mm12ﾏｷ,個,166.67,テープ類
3,31,302,布テープ（ｶﾞﾑﾃｰﾌﾟ）,ｶﾞﾑﾃｰﾌﾟ,個,164.07,文具①
4,43,5316,ｱｲｿﾚｰｼｮﾝｶﾞｳﾝ ﾌﾞﾙｰ　深川　100枚/箱,ｶﾞｳﾝ ｱｲｿﾚｰｼｮﾝｶﾞｳﾝ,枚,160,PPE
4,45,4091,ルビスタ　パウダー5g,ﾙﾋﾞｽﾀ ﾊﾟｳﾀﾞｰ 13800ﾄﾞ 5gﾊﾞﾂ60,本,160,アルコール類
4,45,4838,アルコサージュジェルVA 60ml,ｱﾙｺｰﾙ,本,160,アルコール類
6,63,2226,FL20SSW/18-B　　ﾌﾀﾊﾞ,FL20SSW/,本,158,蛍光灯
8,81,5274,サージカルマスク　フジ,ﾏｽｸ,個,152.17,その他材料①
7,72,4229,マイペット　500ml,ﾏｲﾍﾟｯﾄ 500ml,本,152,掃除用品類
3,31,204,クラフトテープ（紙ｶﾞﾑﾃｰﾌﾟ）,ｶﾞﾑﾃｰﾌﾟ,個,148.4,文具①
6,62,487,ボタン電池　ＬＲ44,ﾃﾞﾝﾁ 5ｹ,個,148.2,電池
7,71,3807,ゴミ袋　乳白半透明　90L　10枚/袋,ｺﾞﾐﾌｸﾛ ﾁﾁｼﾛﾊﾝﾄｳﾒｲ 90L 10ﾏｲ/ﾌｸﾛ,袋,148,ゴミ袋
6,62,4006,ボタン電池LR1130　1.5V,ﾃﾞﾝﾁﾎﾞﾀﾝLR1130 1.5V,個,147,電池
6,62,1557,電池　単1,ﾃﾞﾝﾁ ﾀﾝ1,本,146.5,電池
8,82,4438,感熱ロール紙58×40,ｶﾝﾈﾂﾛｰﾙｼ58mmﾊﾞﾂ40mmﾔｯｷｮｸ､ｶﾞｲﾗｲ,個,146,その他材料②
3,37,513,注射処方箋　B6　ﾊﾟﾅｹｲｱ　20冊/包,ﾁｭｳｼｬｼｮﾎｳｾﾝ ﾊﾟﾅｹｲｱ 2,冊,140,印刷物
4,43,4659,ｱｲｿﾚｰｼｮﾝｶﾞｳﾝ ﾌﾞﾙｰ　　石丸　100枚/箱,ｶﾞｳﾝ ﾌﾞﾙｰ  ｲｼﾏﾙ,枚,135,PPE
4,43,4916,ﾕﾆﾁｬｰﾑ N95ﾏｽｸ　深川,ﾏｽｸ ﾌｶｶﾞﾜ,枚,134,PPE
7,72,4238,花王　クリームクレンザー　400g,ｸﾘｰﾑｸﾚﾝｻﾞｰ 400g,本,129,掃除用品類
4,43,5315,ｱｲｿﾚｰｼｮﾝｶﾞｳﾝ ｶﾌ付 石丸　100枚/箱,ｶﾞｳﾝ ｱｲｿﾚｰｼｮﾝｶﾞｳﾝ ｶﾌﾂｷ ｲｼﾏﾙ,枚,128,PPE
7,72,4242,トイレブラシ　ﾅｲﾛﾝﾀﾜｼ,ﾄｲﾚﾌﾞﾗｼ ﾅｲﾛﾝﾀﾜｼ,本,125,掃除用品類
3,33,2761,背幅伸縮ファイル　A4　ピンク,ﾌﾗｯﾄﾌｧｲﾙ ｼﾝｼｭｸ ﾋﾟﾝｸ,冊,123,ファイル
8,82,5256,プラスチックコップ　7ｵﾝｽ,ﾌﾟﾗｽﾁｯｸｺｯﾌﾟ 7ｵﾝｽ,袋,121.92,その他材料②
8,82,3316,チューブクランプ,ﾁｭｰﾌﾞｸﾗﾝﾌﾟ  10ｺｲﾘ,個,120,その他材料②
6,62,1558,ボタン電池　ＬＲ41,ﾃﾞﾝﾁ,個,118.4,電池
4,43,5308,アンダーシーツ 75x178　80枚/箱,ｱﾝﾀﾞｰｼｰﾂ 75x178 80ﾏｲｲ,箱,118.18,PPE
3,32,305,ラバーバンド100g＃16（輪ｺﾞﾑ）,ﾜｺﾞﾑ,箱,115,文具②
4,43,449,ﾌｪｲｽｼｰﾙﾄﾞ　使い捨て　石丸,ﾌｪｲｽｼｰﾙﾄﾞ ﾂｶｲｽﾃ ｲｼﾏﾙ,枚,115,PPE
4,43,5168,N95ﾏｽｸ(ｶｯﾌﾟ式)　20枚/箱　深川,ﾏｽｸN95(ｶｯﾌﾟｼｷ) 20ﾏｲ/ﾊｺ,枚,115,PPE
6,63,2028,FL 15D　昼光色　10/箱,ｴﾌｴﾙ 15,本,114,蛍光灯
5,53,13,栄養カテーテル14Fｒ,ｴｲﾖｳｶﾃｰﾃﾙ,本,110,カテーテル類
7,71,5031,ゴミ袋　S透明(20枚入)　60冊/箱,ｺﾞﾐﾌｸﾛ Sﾄｳﾒｲ,冊、箱,110,ゴミ袋
7,71,5144,ゴミ袋　M黒(20枚入)　60冊/箱,ｺﾞﾐﾌﾞｸﾛ Mｸﾛ,冊,110,ゴミ袋
7,71,5197,ゴミ袋　M青　60冊/箱,ｺﾞﾐﾌｸﾛ Mｱｵ,冊,110,ゴミ袋
3,31,1546,修正テープ,ｼｭｳｾｲﾃｰﾌﾟ,個,106.67,文具①
6,62,1592,電池　単2,ﾃﾞﾝﾁ ﾀﾝ2,本,106.07,電池
8,81,5004,輸液ｾｯﾄ(ﾎﾟﾝﾌﾟ用)　50本/箱,ﾕｴｷｾｯﾄ(ﾎﾟﾝﾌﾟﾖｳ),本、箱,105,その他材料①
6,63,2961,GL-10　10個/箱　　ﾈｵ　　,GL-10 ｻｯｷﾝﾄｳ ﾈｵ10ｺ/ﾊｺ    ,本,103.3,蛍光灯
3,32,281,指サック　Ｍ　メクリッコ　KM-302C,ﾕﾋﾞｻｯｸ ﾒｸﾘｯｺ-,袋,100.6,文具②
3,32,267,マーキンググラフ　紙巻き鉛筆　ｱｶ,ﾏｰｷﾝｸﾞ,本,100.25,文具②
7,72,4239,トイレブリーチ　500ｇ,ﾄｲﾚﾌﾞﾘｰﾁ 500ｸﾞﾗﾑ,本,100,掃除用品類
3,32,280,指サック　Ｌ　メクリッコ　KM-303C　,ﾕﾋﾞｻｯｸ ﾒｸﾘｯｺ-,袋,98.8,文具②
3,32,282,指サック　Ｓ　メクリッコ　KM-301C,ﾕﾋﾞｻｯｸ ﾒｸﾘｯｺ-,袋,98.8,文具②
3,31,3165,両面テープ　20mm,ﾘｮｳﾒﾝﾃｰﾌﾟ 20mm,個,98,文具①
7,71,5290,ゴミ袋　45L　ｸﾛ　50冊/箱,ｺﾞﾐﾌｸﾛ 45l ｸﾛ 50ｻﾂｽﾗｯｼｭﾊｺ,冊、箱,98,ゴミ袋
7,71,5291,ゴミ袋　45L　透明　50冊/箱,ｺﾞﾐﾌｸﾛ 45l ﾄｳﾒｲ 50ｻﾂｽﾗｯｼｭﾊｺ,冊、箱,98,ゴミ袋
4,43,4914,ICｸﾞﾗｽﾚﾝｽﾞFS汎用ﾀｲﾌﾟⅡ専用30枚入,ﾌｪｲｽｼｰﾙﾄﾞICｸﾞﾗｽﾚﾝｽﾞFS,枚,96.67,PPE
8,81,4891,ﾊﾞｲﾄﾌﾞﾛｯｸ(ｷｭｱｹｱ),ﾊﾞｲﾄﾌﾞﾛｯｸ,個,96,その他材料①
6,63,4539,FL15W　白色,FL15W ﾊｸｼｮｸ,本,95,蛍光灯
8,82,2786,ウエットプレットNo20　24ｹ／箱,ｳｴｯﾄﾌﾟﾚｯﾄｹ,個,92.08,その他材料②
8,81,3939,輸液セット(小児用)　50本/箱,ﾕｴｷｾｯﾄ,本、箱,90,その他材料①
8,81,123,精製水　500mlﾎﾞﾄﾙ,ｾｲｾｲｽｲ,本,90,その他材料①
4,41,3495,カブレステープ　U　白　19mm,ｶﾌﾞﾚｽﾃｰﾌﾟ U ｼﾛ 19mm,個,89.17,テープ類
4,43,5191,ｱｲｿﾚｰｼｮﾝｶﾞｳﾝ ﾊｸｿﾞｳ　ﾌﾞﾙｰ　100枚/箱,ｶﾞｳﾝ ｱｲｿﾚｰｼｮﾝｶﾞｳﾝ ﾊｸｿﾞｳ ｲｼﾏﾙ,枚,87.5,PPE
5,52,2870,スーパーキャス5　24G×1　黄50本/箱（留置針）,ｽｰﾊﾟｰｷｬｽﾀﾆﾓﾄ,本、箱,84.5,針類
5,52,2869,スーパーキャス　22G×1　青50本/箱（留置針）,ｽｰﾊﾟｰｷｬｽﾀﾆﾓﾄｽｰﾊﾟｰｷｬｽ,本,84.5,針類
8,82,4265,ﾄｰﾏ　ﾆｭｰｻｰｼﾞｶﾙｸﾞﾛｰﾌﾞPF　7.5,ｵﾍﾟﾖｳ ｻｰｼﾞｶﾙｸﾞﾛｰﾌﾞPF 7.5,双,82.5,その他材料②
8,82,4892,ｵﾍﾟﾖｳ ｻｰｼﾞｶﾙｸﾞﾛｰﾌﾞ 6.5,ｵﾍﾟﾖｳ ｻｰｼﾞｶﾙｸﾞﾛｰﾌﾞ 6.5,袋,81,その他材料②
8,82,5106,ｵﾍﾟﾖｳ ｻｰｼﾞｶﾙｸﾞﾛｰﾌﾞ 7.0,ｵﾍﾟﾖｳ ｻｰｼﾞｶﾙｸﾞﾛｰﾌﾞ 7.0,袋,81,その他材料②
3,32,4692,祝儀袋　花結び（蝶結び）,ｼｭｳｷﾞﾌｸﾛ ﾊﾅﾑｽﾋﾞ(ﾁｮｳﾑｽﾋﾞ),枚,80.1,文具②
4,44,6,ハイスパンE2　5cm×9m　10巻/箱,ﾊｲｽﾊﾟﾝ,個,80,ガーゼ類
8,81,3340,テガダームＩ．Ｖ　7cm×8.5cm,ﾃｶﾞﾀﾞｰﾑI.V 7cmﾊﾞﾂ8.5cm 100ﾏｲ,枚,80,その他材料①
3,32,203,インデックスラベル中　ｱｶ　20ｘ10/袋,ｲﾝﾃﾞｯｸｽﾗﾍﾞﾙ,袋,76.9,文具②
3,32,392,インデックスラベル中　ｱｵ　20ｘ10/袋,ｲﾝﾃﾞｯｸｽﾗﾍﾞﾙ ,袋,76.9,文具②
4,43,5231,滅菌Mｾｯｼ 無鈎SH-1(20袋)　ｵｵｻｷ,ﾒｯｷﾝMｾｯｼ,袋,73.5,PPE
3,38,384,マジックインキ（No.500）油性　ｱｵ,ﾏｼﾞｯｸｲﾝｷ,本,73,ペン類
8,82,4735,検尿コップ　滅菌個包装,ｹﾝﾆｮｳｺｯﾌﾟ ﾒｯｷﾝｺﾎｳｿｳ,個,72,その他材料②
3,38,2876,マジックインキ（No500）赤,ﾏｼﾞｯｸｲﾝｷ(No500)ｱｶ 6ﾎﾝﾊﾟｯｸ,本,71.67,ペン類
8,82,4413,貯尿バッグ用ディスポカバー,ﾁｮﾆｮｳﾊﾞｯｸﾞﾖｳﾃﾞｨｽﾎﾟｶﾊﾞｰ UCB 50ﾏ,枚,71.66,その他材料②
3,31,269,液状のり　50ml,ﾉﾘ,本,71,文具①
3,31,303,両面テープ　幅10mm×20m,ﾘｮｳﾒﾝﾃｰﾌﾟ ｱｽｸﾙｵﾌｨｽﾒｰｶ,個,71,文具①
3,38,2777,マジックインキ(No.500）油性　ｸﾛ,ﾏｼﾞｯｸｲﾝｷ ｸﾛ,本,70.98,ペン類
8,82,4905,ENｻｲｴｷｱﾀﾞﾌﾟﾀ　経腸栄養注入ｾｯﾄ,ｲｰｴﾇｻｲｴｷｱﾀﾞﾌﾟﾀ(20ｲﾘ),個,70,その他材料②
1,11,4240,食器洗用洗剤　600ml,ｼｮｯｷｱﾗﾖｳｾﾝｻﾞｲ 600ml,本,69,日用品①
4,41,12,サージカルテープ(N-12)　1530-0　24個/箱,ｻｰｼﾞｶﾙﾃｰﾌﾟｰﾌﾟ,個,65.63,テープ類
1,11,4511,ステンカールタワシ＃20,ﾀﾜｼ,個,65,日用品②
5,52,3344,ｸﾞﾙﾃｽﾄNeoｾﾝｻｰ　25枚/箱,ｸﾞﾙﾃｽﾄNeoｾﾝｻｰ 500ﾏｲ,箱,65,針類
8,81,4557,プッシュ綿棒G　0.05　No.12　30袋/箱,ﾌﾟｯｼｭﾒﾝﾎﾞｳG 0.05 ﾉ｡12 30ﾌｸﾛ/ﾊｺ,本、箱,63.23,その他材料①
5,51,4904,ENｼﾘﾝｼﾞ　(紫)　経腸栄養注入ｾｯﾄ,ｲｰｴﾇｼﾘﾝｼﾞ(25ｲﾘ)ﾆﾌﾟﾛ ,個,60,注射器類
5,51,16,カテーテルチップ50mｌ　(緑),ｶﾃｰﾃﾙﾁｯﾌﾟ,本,60,注射器類
8,82,1685,軟膏壺　100ml　20個/袋,ﾅﾝｺｳﾂﾎﾞ100,袋,56.85,その他材料②
8,81,4563,プッシュ綿棒P　No.12 30袋/箱,ﾌﾟｯｼｭﾒﾝﾎﾞｳP ﾉ｡12 30ﾌｸﾛｽﾗｯｼｭﾊｺ,本、箱,56.8,その他材料①
1,11,4609,ペーパータオル　ﾏﾘﾔｴｺﾉﾐｰ　42個/ｹｰｽ,ﾍﾟｰﾊﾟｰﾀｵﾙ,個、ｹｰｽ,54.76,日用品①
5,51,48,ディスポシリンジ50　25本/箱　(青),ﾃﾞｨｽﾎﾟｼﾘﾝｼﾞｵ,本、箱,54.4,注射器類
8,82,3001,ドライプレットNo20-3　 24/箱,ﾄﾞﾗｲﾌﾟﾚｯﾄNo20-3 24/hako]ﾊｺ ,個,48.33,その他材料②
4,43,5295,ICｸﾞﾗｽⅠ処置・検査用ﾌﾞﾗｯｸ,ﾌｪｲｽｼｰﾙﾄﾞICｸﾞﾗｽ1,本,47,PPE
3,32,389,ビニルテープS幅19mm ｼﾛ,ﾋﾞﾆﾙﾃｰﾌﾟ,個,46.4,文具②
4,43,5296,ICｸﾞﾗｽﾚﾝｽﾞ汎用ﾀｲﾌﾟⅠ・Ⅱ用50枚入,ﾌｪｲｽｼｰﾙﾄﾞ,枚,46,PPE
3,31,2778,セロハンテープ,ｾﾛﾊﾝﾃｰﾌﾟ ,個,45.8,文具①
3,32,4133,液状のり専用ｽﾎﾟﾝｼﾞｷｬｯﾌﾟ　替ｽﾎﾟﾝｼﾞ3個入,ﾉﾘｾﾝﾖｳｽﾎﾟﾝｼﾞｷｬｯﾌﾟ ｶ3ｺｲﾘ,個,43.33,文具②
8,82,5117,ロングシューズカバー　50枚/袋,ｼｭｰｽﾞｶﾊﾞｰ 50ﾏｲｲ ﾌｶｶﾞﾜ,袋,43,その他材料②
3,32,542,赤鉛筆,ｴﾝﾋﾟﾂ ｱｶ,本,42,文具②
3,32,290,祝儀袋　あわじ結び(お祝い・お見舞用）,ｼｭｳｷﾞﾌﾞｸﾛ ｱﾜｼﾞﾑｽﾋﾞ(ｵｲﾜｲｵﾐﾏｲﾖｳ),枚,41.8,文具②
3,32,291,香典袋　5枚/袋,ｺｳﾃﾞﾝ,枚,41.8,文具②
1,11,3044,多目的ﾀｵﾙ　30枚,ﾀｵﾙ 30ﾏｲ*5,枚,41.64,日用品①
3,38,2655,ボードマーカー細　ｸﾛ,ﾎﾞｰﾄﾞﾏｰｶｰ ﾎｿ ｸﾛ,本,41,ペン類
3,38,2656,ボードマーカー細　ｱｶ,ﾎﾞｰﾄﾞﾏｰｶｰﾎｿ,本,41,ペン類
8,82,88,替刃　フェザー替刃メス15　20枚/箱,ｶｴﾊﾞ,枚,39,その他材料②
3,32,239,ビニルテープS幅19mm ｱｶ,ﾋﾞﾆﾙﾃｰﾌﾟ,個,38.4,文具②
3,32,390,ビニルテープS幅19mm ｷｲﾛ,ﾋﾞﾆﾙﾃｰﾌﾟ,個,38.4,文具②
3,32,566,ビニルテープS幅19mm　ﾐﾄﾞﾘ,ﾋﾞﾆｰﾙﾃｰﾌﾟｰﾐﾄﾞﾘ,個,38.4,文具②
3,32,1447,ビニルテープS幅19mm　各色,ﾋﾞﾆﾙﾃｰﾌﾟSﾊﾊﾞ19mm,個,38,文具②
4,44,4979,滅菌ﾎｽﾋﾟﾀﾙｶﾞｰｾﾞ 4折30×30,ｶﾞｰｾﾞ,袋,37.5,ガーゼ類
3,38,2652,赤青鉛筆8900VP　（赤藍）,ｴﾝﾋﾟﾂ ｱｶｱｵ ,本,36.75,ペン類
5,53,4626,吸引カテーテル12Fr.　56ｃｍ,ｷｭｳｲﾝｶﾃｰﾃﾙ12Fr. 56cm,本,35,カテーテル類
8,11,4841,ティッシュペーパー,ﾃｨｯｼｭﾍﾟｰﾊﾟｰ,個,34.8,日用品①
3,32,237,キャンパスノート　ｾﾐB5,ﾉｰﾄ,冊,34.06,文具②
3,38,2653,消しゴム付鉛筆　HB,ｴﾝﾋﾟﾂ ｹｼｺﾞﾑ ｵ,本,33,ペン類
3,38,2765,マジック油性　極細　ｸﾛ,ﾏｼﾞｯｸ ﾎｿ,本,33,ペン類
3,38,2815,マジック油性　極細　ｱｶ,ﾏｼﾞｯｸ ﾕｾｲ ｺﾞｸﾎｿ,本,33,ペン類
3,31,221,ゼムクリップ（大）,ｾﾞﾑｸﾘｯﾌﾟ,袋,32.8,文具①
3,38,277,蛍光ペン　ﾋﾟﾝｸ　10本×5,ｹｲｺｳﾍﾟﾝ ﾋﾟﾝｸ,本,32,ペン類
3,38,2759,ボードマーカー中　ｱｵ,ﾎﾞｰﾄﾞﾏｰｶｰ,本,31,ペン類
8,81,54,連結管　50本/箱,ﾚﾝｹﾂｶﾝ ,本,30,その他材料①
3,31,2657,消しゴム（小）,ｹｼｺﾞﾑ ｵ,個,29,文具①
4,43,4912,ﾌﾟﾗｽﾁｯｸｴﾌﾟﾛﾝ袖付ﾌｨﾝｶﾞｰﾌｯｸ 10枚入/個　16個/1ｹｰｽ,ｶﾞｳﾝｵｵｻｷﾌﾟﾗｽﾁｯｸｴﾌﾟﾛﾝｿﾃﾞﾂｷ,個、ｹｰｽ,29,PPE
4,43,4822,ｼｭｰｶﾊﾞｰ FR-205 ｳｪﾙﾌｧﾝ(100枚入),ｼｭｰｽﾞｶﾊﾞｰ,枚,28.5,PPE
1,12,1458,植物石鹸80g,ｾｯｹﾝ,個,28.33,日用品②
3,38,2758,ボードマーカー中　ｸﾛ,ﾎﾞｰﾄﾞﾏｰｶｰ,本,28,ペン類
3,38,2965,ボードマーカー中　ｱｶ,ﾎﾞｰﾄﾞﾏｰｶｰ ﾁｭｳ ｱｶ ｵﾌｨｽ,本,28,ペン類
5,53,69,ネラトンカテーテル16Fr導尿,ﾈﾗﾄﾝｶﾃｰﾃﾙ  ｲｼﾏﾙ,本,28,カテーテル類
5,53,68,ネラトンカテーテル14Fr導尿,ﾈﾗﾄﾝｶﾃｰﾃﾙ ｲｼﾏﾙ,本,28,カテーテル類
5,53,2834,ネラトンカテーテル18Fr導尿,ﾈﾗﾄﾝｶﾃｰﾃﾙFr18,本,28,カテーテル類
8,81,5114,KLY滅菌潤滑ｼﾞｪﾘｰ 5ｇ　100包/箱,ﾒｯｷﾝｼﾞｭﾝｶﾂｼﾞｪﾘｰ,包、箱,28,その他材料①
3,31,3547,付箋　中　75mm×25mm,ﾌｾﾝ 75mm*25mm 4ｼｮｸ,個,27.8,文具①
5,52,3940,翼状針21G　ｾｰﾌﾀｯﾁPSV　50本/箱,ﾖｸｼﾞｮｳｼﾝ ｾｰﾌﾀｯﾁPSVﾊｰﾄﾞｺﾈｸﾀｰ21G,本、箱,27,針類
5,52,3941,翼状針23G　ｾｰﾌﾀｯﾁPSV　50本/箱,ﾖｸｼﾞｮｳｼﾝ23G ｾｰﾌﾀｯﾁPSV*3/4 ,本、箱,27,針類
1,12,484,Ｔ字かみそり,ｶﾐｿﾘTｼﾞ,本,26.6,日用品②
5,53,479,吸引カテーテル16Fr　40㎝,ｷｭｳｲﾝｶﾃｰﾃﾙ,本,25,カテーテル類
5,53,1171,吸引カテーテル14Fr　40㎝,ｷｭｳｲﾝｶﾃｰﾃﾙ,本,25,カテーテル類
5,53,3109,吸引ｶﾃｰﾃﾙ　18Fr.,ｷｭｳｲﾝｶﾃｰﾃﾙ 18Fr. 50ﾎﾝ･ﾊｺ,本,25,カテーテル類
5,53,3800,吸引カテーテル12Fr.　40ｃｍ,ｷｭｳｲﾝｶﾃｰﾃﾙ12fr｡ 4050ﾎﾝｽﾗｯｼｭﾊｺ,本,25,カテーテル類
3,38,270,鉛筆　8900-ＨＢ,ｴﾝﾋﾟﾂ,本,24.66,ペン類
3,33,4329,フラットファイル　A4　ピンク,ﾌﾗｯﾄﾌｧｲﾙ A4 ﾋﾟﾝｸ ｱｽｸﾙ,冊,23.2,ファイル
3,31,258,ホッチキス針No.10,ﾎｯﾁｷｽｼﾝ,個,23.17,文具①
8,82,4055,軟膏壷　58ml　20個/袋,ﾅﾝｺｳﾂﾎﾞ ｼｪﾙﾊﾞ58 58ml 20ｺ/ﾌｸﾛ,袋,23.1,その他材料②
8,81,3938,輸液セット(点滴ｾｯﾄ)　50本/箱,ﾕｴｷｾｯﾄ ISA-200E00Z 50ﾎﾝｽﾗｯｼｭﾊｺ,本、箱,23,その他材料①
3,33,1343,フラットファイルA4　パープル,ﾌﾗｯﾄﾌｧｲﾙA4 ﾊﾟｰﾌﾟﾙ 30ｻﾂ,冊,21.75,ファイル
3,31,3546,付箋　小　50mm×15mm,ﾌｾﾝ 50mmｶｹﾙ15mm 4ｼｮｸ,個,19.7,文具①
7,72,1241,スポンジKB抗菌ﾅｲﾛﾝｸﾘｰﾅｰ　7個/袋,ｽﾎﾟﾝｼﾞ ﾅｲﾛﾝｸﾘｰﾅｰ,個,18.11,掃除用品類
3,38,2283,ボールペン（黒）　10/箱,ﾎﾞｰﾙﾍﾟﾝ(ｸﾛ) ｶｳﾈｯﾄ10/ﾊｺ ｰｰ,本,18,ペン類
3,38,2645,ボールペン（赤）　10/箱,ﾎﾞｰﾙﾍﾟﾝ(ｱｶ) 10ｽﾗｯｼｭﾊｺ,本,18,ペン類
5,52,3322,採血針ホルダｰ付（針付）,ｻｲｹﾂｼﾝﾊﾘﾂｷ,本,17.8,針類
5,52,3332,採血針ホルダー付ルアーアダプター（針無）,ｻｲｹﾂｼﾝﾊﾘﾅｼ,本,17.8,針類
8,81,1295,ペンニードル　プラス　32G　14本/袋,ﾍﾟﾝﾆｰﾄﾞﾙ ﾌﾟﾗｽ 32G 4mm 14ﾎﾝｶｹﾙ5,袋,17.29,その他材料①
8,82,4909,ｼﾞｪｲﾌｨｰﾄﾞENｽﾜﾌﾞ滅菌済,ｼﾞｪｲﾌｨｰﾄﾞENｽﾜﾌﾞ,本,16.5,その他材料②
6,62,544,電池　単3,ﾃﾞﾝﾁ ﾀﾝ3 60p,本,16.1,電池
6,62,545,電池　単4,ﾃﾞﾝﾁ ﾀﾝ4 60p,本,16.1,電池
5,52,37,マイショット28Ｇ（ｲﾝｽﾘﾝ針付注射器）,ﾏｲｼｮｯﾄ,本,15.71,針類
5,51,49,ディスポシリンジ20　50本/箱,ﾃﾞｨｽﾎﾟｼﾘﾝｼﾞｴ,本、箱,15,注射器類
8,82,5024,口腔用ｽﾎﾟﾝｼﾞ ｽﾎﾟｼﾞｶEX　300本/箱,ｺｳｸｳﾖｳｽﾎﾟﾝｼﾞ ｽﾎﾟｼﾞｶEX300ﾎﾝｲﾘ ,箱,15,その他材料②
3,34,4090,封筒　角2　（A4）　500枚/箱（病院名）,ﾌｳﾄｳ A4,枚,14.5,封筒
8,82,4054,軟膏壷　35ml　20個/袋,ﾅﾝｺｳﾂﾎﾞ ｼｪﾙﾊﾞ35 35ml 20ｺ/ﾌｸﾛ,袋,14.28,その他材料②
3,31,299,板目表紙　（B4綴じ用）273×395mm,ｲﾀﾒﾋﾞｮｳｼ,枚,14.18,文具①
5,51,3481,シリンジ　1ml　27G　予防接種用　100本/箱,ﾃﾞｨｽﾎﾟｼﾘﾝｼﾞ 1ml,本、箱,13,注射器類
5,52,3345,ジェントレット針　25個/袋,ｼﾞｪﾝﾄﾚｯﾄﾊﾘ 100ﾎﾝ (25ｺ/ﾌｸﾛ),袋,11.5,針類
4,43,4915,ｵｵｻｷｻｰｼﾞｶﾙｷｬｯﾌﾟNo.3 100枚入,ｷｬｯﾌﾟNo.3 100ﾏｲ,枚,10.5,PPE
3,31,1408,板目表紙　（A4綴じ用）217×306mm,ｲﾀﾒﾋﾞｮｳｼ,枚,10.17,文具①
3,34,3862,封筒　長3型　窓付き　1000枚/箱,ﾌｳﾄｳ ﾅｶﾞ3ｶﾀ ﾏﾄﾞﾂｷ 1000ﾏｲ･ﾊｺ,枚,9.7,封筒
5,51,50,ディスポシリンジ10　100本/箱,ﾃﾞｨｽﾎﾟｼﾘﾝｼﾞｳ,本、箱,9,注射器類
8,82,4052,軟膏壷　12ml　20個/袋,ﾅﾝｺｳﾂﾎﾞ ｼｪﾙﾊﾞ12 12ml 20ｺ/ﾌｸﾛ,袋,9,その他材料②
4,44,4980,滅菌ﾃﾞｨｽﾎﾟｰｾﾞⅢ　7.5×7.5,ｶﾞｰｾﾞ ﾒｯｷﾝﾃﾞｨｽﾎﾟｰｾﾞ,袋,8.8,ガーゼ類
5,51,51,ディスポシリンジ5　100本/箱,ﾃﾞｨｽﾎﾟｼﾘﾝｼﾞ5,本、箱,7.8,注射器類
5,51,52,ディスポシリンジ2.5　100本/箱,ﾃﾞｨｽﾎﾟｼﾘﾝｼﾞｱ,本、箱,7,注射器類
3,34,3861,封筒長3型　窓なし　1000枚/箱,ﾌｳﾄｳﾁｮｳ3ｶﾀ ﾏﾄﾞﾅｼ 1000ﾏｲ/ﾊｺ,枚,6.4,封筒
3,32,3039,ダブルクリップ大　口幅32mm 10個入,ﾀﾞﾌﾞﾙｸﾘｯﾌﾟﾀﾞｲ32,個,6,文具②
3,32,3164,スタンダード　クリアーホルダー　100枚,ｸﾘｱｰﾎﾙﾀﾞｰ 100ﾏｲ,枚,5.68,文具②
3,34,3596,給与明細用封筒　長3　ｸﾗﾌﾄ裏地紋付,ｷｭｳﾖﾒｲｻｲﾖｳﾌｳﾄｳ,枚,5.43,封筒
3,32,3040,ダブルクリップ中　口幅25mm 10個入,ﾀﾞﾌﾞﾙｸﾘｯﾌﾟﾁｭｳ,個,5.4,文具②
8,82,1910,滅菌ｵｵｻｷ舌圧子　300本/箱,ｾﾞﾂｱﾂｼ,本,4.48,その他材料②
3,32,2255,クリヤーポケット　100枚/袋,ｸﾘﾔｰﾎﾟｹｯﾄ 100ﾏｲｽﾗｯｼｭﾌｸﾛ,枚,3.53,文具②
3,35,287,特厚口コピー用紙A4IQｾﾚｸｼｮﾝ500枚/冊,ｺﾋﾟｰﾖｳｼ,冊,3.52,コピー用紙
8,82,5286,綿棒 滅菌 φ8.0x153　30本/袋,ﾒﾝﾎﾞｳ ﾒｯｷﾝ,本,3.2,その他材料②
8,82,2694,綿棒　12＃15　20本/袋,ﾒﾝﾎﾞｳ 12#15 400ﾎﾝ/ﾊｺ,本,2.83,その他材料②
3,32,297,綴りひも45cm　100本/袋,ﾂﾂﾞﾘﾋﾓ,本,2.54,文具②
3,32,3041,ダブルクリップ小　口幅19mm 10個入,ﾀﾞﾌﾞﾙｸﾘｯﾌﾟｼｮｳ 10ｺｲ,個,2.5,文具②
5,52,3729,ディスポ針22G　100/箱,ﾃﾞｨｽﾎﾟｼﾝ22G 100/ﾊｺ,本,2.5,針類
5,52,1786,ディスポ針23G　100/箱,ﾃﾞｨｽﾎﾟﾊﾘ,本,2.5,針類
5,52,1787,ディスポ針21G　100/箱,ﾃﾞｨｽﾎﾟﾊﾘｲ,本,2.5,針類
5,52,1788,ディスポ針18G　100/箱,ﾃﾞｨｽﾎﾟﾊﾘｳ,本,2.5,針類
3,32,3418,ダブルクリップ　小小　口幅15mm　10個入,ﾀﾞﾌﾞﾙｸﾘｯﾌﾟ ｼｮｳｼｮｳ,個,2.4,文具②
4,41,9,ｲﾝｼﾞｪｸｼｮﾝﾊﾞﾝｿｳｺｳS,ｲﾝｼﾞｪｸｼｮﾝﾊﾞﾝｿｳｺｳ,包,1.84,テープ類
1,11,3731,試食用ミニスプーン,ｽﾌﾟｰﾝ,本,1.71,日用品①
3,32,268,ルーズリーフ　B5　100枚/袋,ﾙｰｽﾞﾘｰﾌ,袋,0,文具②
4,42,4811,ｴﾝﾎﾞｽﾃﾌﾞｸﾛ（寄贈品）100枚入,ｴﾝﾎﾞｽﾃﾌﾞｸﾛ(ｷｿﾞｳﾋﾝ)100ﾏｲｲﾘ,個,0,手袋
4,42,5112,ニトリルグローブ L100枚(寄贈品),ﾆﾄﾘﾙｸﾞﾛｰﾌﾞ L100ﾏｲ,個,0,手袋
4,42,5111,ニトリルグローブ M100枚(寄贈品),ﾆﾄﾘﾙｸﾞﾛｰﾌﾞ M100ﾏｲ,個,0,手袋
4,42,4795,ニトリルグローブ　S100枚(寄贈品),ﾆﾄﾘﾙｸﾞﾛｰﾌﾞ S,個,0,手袋
4,42,4785,ﾌﾟﾗｽﾁｯｸﾃﾌﾞｸﾛ(寄贈品) L100枚入,ﾌﾟﾗｽﾁｯｸﾃﾌﾞｸﾛ(ｷｿﾞｳﾋﾝ) L100ﾏｲｲﾘ,個,0,手袋
4,42,4784,ﾌﾟﾗｽﾁｯｸﾃﾌﾞｸﾛ(寄贈品) M100枚入,ﾌﾟﾗｽﾁｯｸﾃﾌﾞｸﾛ(ｷｿﾞｳﾋﾝ) M100ﾏｲｲﾘ,個,0,手袋
4,42,4783,ﾌﾟﾗｽﾁｯｸﾃﾌﾞｸﾛ(寄贈品) S100枚入,ﾌﾟﾗｽﾁｯｸﾃﾌﾞｸﾛ(ｷｿﾞｳﾋﾝ) S100ﾏｲｲﾘ,個,0,手袋
4,43,4712,ガウン(寄贈品)　,ｶﾞｳﾝ(ｷｿﾞｳﾋﾝ) ,枚,0,PPE
4,43,5113,マスクN95　(寄贈品)　硬,ﾏｽｸN95 (ｷｿﾞｳﾋﾝ) ｶﾀ,枚,0,PPE
8,82,4666,マスク（寄贈品）50枚入,ﾏｽｸ(ｷｿﾞｳﾋﾝ)50ﾏｲ,箱,0,その他材料②
